Dust-Radius\Longitude,-174,-168,-162,-156,-150,-144,-138,-132,-126,-120,-114,-108,-102,-96,-90,-84,-78,-72,-66,-60,-54,-48,-42,-36,-30,-24,-18,-12,-6,0,6,12,18,24,30,36,42,48,54,60,66,72,78,84,90,96,102,108,114,120,126,132,138,144,150,156,162,168,174,180
0.55,0.244795443,0.247883659,0.265374005,0.261488953,0.289725159,0.293715521,0.247134358,0.261647359,0.239676181,0.199564853,0.219037902,0.173370284,0.158145158,0.170933886,0.198797265,0.194410255,0.177320063,0.173086047,0.176734125,0.241232345,0.240452759,0.262042567,0.351367718,0.39142355,0.407714309,0.340120194,0.314750518,0.233997366,0.22188806,0.193330366,0.189334401,0.174352415,0.176605334,0.20737241,0.235607802,0.257304815,0.249088263,0.253607047,0.236047219,0.244960021,0.29156313,0.29726964,0.271235586,0.270567344,0.273577691,0.241931722,0.24611327,0.232559111,0.228296396,0.265289583,0.196358341,0.203592309,0.239120741,0.260033551,0.234728737,0.203570131,0.207294458,0.166056063,0.177706792,0.211257545
0.6,0.368603895,0.416166138,0.402875005,0.327935234,0.375228229,0.396982478,0.371129171,0.41515686,0.34773588,0.308434327,0.355879835,0.289164115,0.314659161,0.269700408,0.309710314,0.285230279,0.247675424,0.26186361,0.244991352,0.331731263,0.337488265,0.349557643,0.438579671,0.548684071,0.56634396,0.487993042,0.401407541,0.35089293,0.299872311,0.305702215,0.302645704,0.300632014,0.339693241,0.360449665,0.380901968,0.451057861,0.453279816,0.422732644,0.399985106,0.447588169,0.531050694,0.528510876,0.508366804,0.483154383,0.450184221,0.399002739,0.373392628,0.387960098,0.385278459,0.463201244,0.328577028,0.345355375,0.415953847,0.463147016,0.465279024,0.569870772,0.522740435,0.462709436,0.372633514,0.375702228
0.65,0.425228221,0.533649838,0.567634705,0.513115333,0.609708393,0.522853076,0.500681337,0.562927149,0.441914188,0.411381969,0.536023132,0.414520686,0.421427022,0.347560711,0.428710659,0.340564911,0.301763517,0.344474317,0.349055536,0.407984745,0.545623011,0.441329107,0.672204186,0.821600565,0.7231532,0.695927961,0.602470583,0.537462335,0.47336412,0.445567862,0.472486379,0.497260958,0.531461404,0.579118467,0.646865394,0.725947282,0.722696158,0.685945296,0.635580971,0.760395914,0.85755717,1.058665513,1.050739624,0.883885826,0.879338164,0.761868369,0.617374251,0.682239377,0.596403478,0.694199793,0.536620865,0.545344464,0.533247745,0.543841336,0.555480876,0.631758786,0.539053255,0.467436696,0.395175075,0.437109776
0.7,0.727357934,0.824528798,0.90243108,0.757892732,0.86334147,0.665912564,0.604764469,0.728691268,0.549706242,0.525754582,0.720008727,0.515782701,0.594399615,0.513481901,0.567717016,0.43599346,0.412027653,0.458267781,0.457514884,0.508491989,0.692118233,0.613021636,0.861960463,1.077572663,1.02250915,0.933055427,0.710814732,0.639369155,0.61849379,0.547760879,0.570440349,0.678516334,0.740122142,0.742450606,0.825140946,0.873228581,0.904917919,0.871998891,0.818316828,1.045881526,1.145670133,1.343087449,1.316916409,1.234097813,1.068776443,0.923234444,0.783729931,0.806491026,0.790383785,0.904817245,0.635683906,0.83528803,0.77339693,0.810397896,0.798925575,0.840772706,0.713670432,0.699286683,0.70080953,0.781167779
0.75,1.107719495,1.129001603,1.237769427,1.045328044,1.018560282,0.887946722,0.794906531,1.000409493,0.786095781,0.705322604,0.933567423,0.706517801,0.675045561,0.706662522,0.753562139,0.551359119,0.552304496,0.601441895,0.668003556,0.608075488,0.969076906,0.728384452,1.051835999,1.352789146,1.215550766,1.345799896,1.134548413,0.851384683,0.882748277,0.811105773,0.822734914,0.904112637,0.968846433,1.070504326,1.094737659,1.419006105,1.329130599,1.332833436,1.362624451,1.556457435,1.697524214,1.873272642,1.679242659,1.501873999,1.345453893,1.340179904,1.030199661,0.887679827,0.870628682,1.10808617,0.783563622,0.979185696,0.903348431,0.916783867,0.92423789,0.896754327,0.713872715,0.817281847,0.877184933,1.061830966
0.8,1.184326469,1.246445083,1.383428602,1.242871671,1.066886282,1.028620816,0.908572768,1.120886391,0.85809283,0.809124754,1.060473075,0.887289761,0.700099718,0.820430372,0.909815823,0.653124392,0.671845411,0.677908147,0.765809758,0.72804285,1.186112996,0.956309819,1.343741762,1.785548652,1.675080826,1.43131645,1.181268552,0.898165275,1.001172022,0.973636732,0.931940925,1.012996227,1.125578705,1.26588078,1.263209017,1.732601029,1.724252223,1.430893676,1.68880725,1.681821067,2.018581017,2.134290161,1.940080278,1.664669969,1.541743773,1.580728679,1.327611185,1.090321375,0.958297401,1.382649203,1.07474826,1.336474819,1.210463968,1.338218861,1.21469321,1.000780811,0.855572325,0.958357075,0.960774562,1.141610086
0.85,1.504737384,1.40426433,1.55026325,1.35092537,1.160104952,1.039960665,1.055103363,1.208502924,0.93599516,0.82533444,1.233178992,0.951269304,0.827505081,1.015992602,1.122937959,0.766796134,0.833633679,0.827065331,1.000190869,0.877672712,1.358993775,1.099458672,1.538353527,2.185306257,1.915832085,1.671692403,1.335076834,0.993999767,1.099763834,1.120214557,1.093933619,1.189669492,1.278992686,1.461992247,1.422565192,2.079727478,1.769961387,1.516072535,1.955845132,1.918781237,2.31177093,2.313864387,2.145378829,1.897229239,1.729386402,1.775972273,1.556103791,1.264312171,1.127280497,1.507504054,1.288857376,1.367239872,1.356095527,1.602240406,1.464398341,1.081063149,1.039001677,1.166321372,1.317457402,1.383678156
0.9,1.710286941,1.422466925,1.671617093,1.547038487,1.213567333,1.263999642,1.141108212,1.301992587,1.168194028,0.941477187,1.219373386,0.981214286,0.959154616,1.146040309,1.376498283,0.85962661,0.938796909,0.881438349,1.074460872,0.954396983,1.319471569,1.232647238,1.833001978,2.168870546,2.016169936,2.009924368,1.542774336,1.115116394,1.141200211,1.211082526,1.244739479,1.349969733,1.387986559,1.625446437,1.570777483,2.34144393,1.839368477,1.433724799,2.229777762,2.027143058,2.502248739,2.34070595,2.298088654,1.97978779,1.867624382,1.831982191,1.589154633,1.241630521,1.207239755,1.778386945,1.529661256,1.3433469,1.528811552,1.792556781,1.633770347,1.297931372,1.269544778,1.280075651,1.567719221,1.414831173
0.95,2.027337056,1.45848651,1.76570846,1.77677654,1.285349241,1.535456887,1.155106322,1.318602245,1.3073729,1.10679342,1.270306972,1.097209032,1.022369652,1.36464768,1.628686139,0.984884675,1.029949366,0.884234579,1.133266058,0.967139066,1.315028406,1.238034325,1.988181517,2.140225951,2.108258627,2.070720403,1.632769857,1.165823049,1.216684478,1.422507084,1.512601507,1.538728135,1.555044272,1.840934565,1.668774087,2.490294789,1.917841639,1.468930154,2.540480881,1.888752554,2.630960123,2.426914346,2.553542482,2.205723986,2.016918084,1.824546285,1.573864295,1.25990947,1.301116096,1.724674144,1.478233742,1.295995737,1.574245646,1.860349956,1.65297763,1.477140208,1.373788879,1.432594261,1.716178946,1.537082373
1,2.190742082,1.532289725,1.891768739,1.793126782,1.30506211,1.555508636,1.246652207,1.350107807,1.317324474,1.158971898,1.337745557,1.135897876,1.057146384,1.387328694,1.646182927,0.998347617,1.074638818,0.908947463,1.166918105,0.95512109,1.19438185,1.450182369,2.15729424,2.170510488,2.082382008,2.2510628,1.74048913,1.057185431,1.215362739,1.401849249,1.603148204,1.603994443,1.551389939,1.872965125,1.691422973,2.526960595,2.057354393,1.478115845,2.567663156,1.843646646,2.638334141,2.444935597,2.551268827,2.354514066,2.035159381,1.753129944,1.630772699,1.434225325,1.273935168,1.569731396,1.540703194,1.367611948,1.355813606,1.958246673,1.709738899,1.485707515,1.410085011,1.572062046,1.863982618,1.602760696
1.05,2.168059096,1.358220033,1.705759402,1.781376882,1.393187713,1.654236502,1.324665687,1.403745435,1.522334852,1.342659034,1.325765492,1.303629802,1.110834836,1.474483269,1.565515865,1.000096441,1.134564701,0.838318093,0.961435723,0.974148753,1.138631468,1.579006537,2.122699376,2.06099156,1.978793621,2.247250369,1.739467065,1.123168443,1.147111392,1.453728831,1.579156853,1.600939668,1.568232941,1.858780448,1.781479259,2.133173895,1.986682067,1.317195226,2.396076629,1.723496832,2.66422493,2.465639154,2.575239828,2.481884587,2.207660565,1.609787925,1.574610816,1.485621484,1.443519216,1.493796223,1.551406866,1.260854445,1.394196775,2.028787965,1.703968761,1.369745836,1.638147644,1.784986723,1.922942672,1.770831775
1.1,1.904048498,1.226153606,1.503239831,1.686119011,1.411610913,1.696111957,1.349882744,1.373135269,1.65565886,1.422790372,1.257384404,1.389589537,1.150557571,1.401413302,1.440463541,1.02911999,1.179276885,0.81876008,0.937784647,0.964938941,1.064316253,1.505952394,2.112835383,1.924493688,1.786563091,2.051509133,1.56660622,0.990512014,1.054548846,1.373099002,1.456994347,1.510787639,1.536589538,1.848521725,1.621847102,1.951406855,1.881626059,1.262370949,2.296967356,1.690944541,2.634517764,2.559235233,2.582466723,2.62686321,1.953978795,1.451604488,1.109361254,1.188512678,1.545272777,1.3863711,1.668405936,1.363789156,1.23122651,1.645327922,1.368314632,1.261900571,1.918135364,1.79310417,1.854591577,1.639034484
1.15,1.60382502,1.180188384,1.489663968,1.638791876,1.535209485,1.613642356,1.305299602,1.312189755,1.640211601,1.458429824,1.188741217,1.37697266,1.084290239,1.324824599,1.361354677,0.897098256,1.163693142,0.833823362,0.84941286,1.018047972,0.956481327,1.319322693,1.972954542,1.612604821,1.531876071,1.673447037,1.477997826,0.920073299,0.910644039,1.357742429,1.403134108,1.586072788,1.584977936,1.783794933,1.706537309,1.725064875,1.724267367,1.180489488,2.102494382,1.586587554,2.526067052,2.600647503,2.455937914,2.686608004,1.859816064,1.363013427,0.978755942,1.126500148,1.577579631,1.353294003,1.609624854,1.496908698,1.17730765,1.560524987,1.304805486,1.162808359,1.893854655,1.810242639,1.704808912,1.474531168
1.2,1.411793784,1.028355766,1.422460025,1.423141726,1.48516721,1.492172056,1.28654363,1.212119132,1.442341279,1.34829474,1.096030978,1.353341907,1.023020145,1.215400344,1.198735344,0.904987122,1.146814745,0.785691566,0.714540735,0.912519081,0.838164581,1.094673917,1.631722045,1.363731094,1.329954347,1.351941811,1.2096237,0.85117109,0.814360049,1.174994935,1.21406932,1.475044587,1.57709646,1.515973232,1.496609915,1.526588751,1.53148705,1.176815266,1.770933114,1.489238851,2.170876266,2.333071408,2.441930029,2.367482323,1.876985168,1.338654339,0.972556928,1.229319857,1.513074054,1.296275126,1.54800989,1.347671272,1.150204002,1.625764904,1.38793211,1.09670524,1.806701128,1.644388342,1.486468481,1.281938237
1.25,1.168913827,0.950222175,1.254545409,1.266629511,1.27487665,1.255992831,1.145675529,1.111816534,1.297341331,1.216009368,0.998835822,1.164506939,0.877457349,1.098244422,1.079704015,0.883126239,1.073694768,0.688633096,0.651889617,0.833152415,0.827633796,1.064014377,1.5212088,1.206876829,1.139473324,1.247141789,1.167846412,0.791351339,0.769148838,1.074344066,1.143200411,1.416032439,1.550895104,1.260966187,1.416255907,1.256936959,1.39989359,1.187848892,1.581691749,1.41383797,1.871186256,2.080494296,1.96654819,1.692888923,1.378956432,1.299192766,0.604072572,0.853133066,1.101992587,1.13516432,1.084616753,1.155451944,1.001941632,0.938585632,0.813906898,0.905924029,1.232386435,1.221286935,1.122451736,1.073629646
1.3,1.105941631,0.859551231,1.051502469,1.234202218,1.157402615,1.189531907,1.032119231,0.961450343,1.050387464,1.043338234,0.851187347,0.975880033,0.759826711,0.867635553,0.971952183,0.773722275,0.881827553,0.658657299,0.578665219,0.68812002,0.678780725,0.753080708,1.256795751,1.106659636,1.132511236,1.116262562,0.949986267,0.78557836,0.586528061,0.816582461,0.845705514,1.077111017,1.227556364,0.997818779,1.088840384,1.09146603,1.211655473,1.033920472,1.300409901,1.2250558,1.471128467,1.770045471,1.626770584,1.504807417,1.206320731,1.260182832,0.585285675,0.751098725,1.036089643,1.072027677,0.997276656,1.069345709,0.836294955,0.842037877,0.808191334,0.910681413,1.055319909,1.094064763,0.989757635,1.040556876
1.35,0.840175514,0.769512172,0.821766512,0.930265459,0.949269248,0.893081945,0.865595667,0.921798304,0.901773217,0.88804881,0.79984856,0.820025432,0.703989587,0.640490298,0.781076188,0.626277608,0.55356598,0.51776155,0.470659099,0.572814644,0.576148048,0.627012688,0.875871889,0.757471086,0.718364337,0.721563597,0.692037217,0.665675179,0.467738064,0.633389928,0.706843071,0.95539562,1.090022059,0.902004326,0.950360287,0.861303424,0.95538603,0.91334504,1.129543816,1.105630857,1.216874619,1.504992101,1.486131042,1.387934179,1.143891365,1.064916147,0.454241559,0.636660532,0.863053498,0.870510085,0.787068024,0.870817245,0.673195489,0.656767503,0.5645185,0.700977174,0.844768732,0.825449656,0.744237428,0.744985937
1.4,0.545082052,0.555329332,0.55593224,0.614451716,0.680475635,0.605609238,0.610708219,0.698824393,0.624343799,0.614776453,0.551940427,0.562319847,0.477210421,0.45606675,0.530832773,0.423199393,0.388636012,0.465156902,0.38231972,0.475507281,0.477759728,0.527633931,0.629418026,0.690197073,0.584699154,0.630902693,0.524050173,0.504038388,0.434530844,0.453940758,0.466841854,0.695759785,0.805634066,0.633134536,0.620402775,0.573183598,0.660006539,0.681012809,0.791221068,0.614482199,0.719632023,0.914609537,0.859501629,0.856635484,0.725226584,0.710835121,0.44121902,0.417604345,0.525584513,0.600171463,0.51545972,0.566725259,0.481948369,0.424609446,0.385085674,0.47029587,0.563033651,0.564796841,0.518445033,0.516633249
1.45,0.372212166,0.345769973,0.36965719,0.414278112,0.469196522,0.458720076,0.457987543,0.489212825,0.440918626,0.463702333,0.439738218,0.457832601,0.395240173,0.344276311,0.41968339,0.337408806,0.282018533,0.327842834,0.262219914,0.276212783,0.275189228,0.308787578,0.336515973,0.422829331,0.401726846,0.33517857,0.288477969,0.290658646,0.228273029,0.26133364,0.323471841,0.474554391,0.564314649,0.455319261,0.456187929,0.444301807,0.499404325,0.588051942,0.602125517,0.520925043,0.613103405,0.689781143,0.648414876,0.607891455,0.5285148,0.543461723,0.352860597,0.336622017,0.416499697,0.495168433,0.425783911,0.390415,0.338502566,0.316603074,0.282192577,0.29654747,0.331261593,0.344128511,0.355593177,0.376970036
1.5,0.30974247,0.266615525,0.291393533,0.331595888,0.387792954,0.342631186,0.342522395,0.35839588,0.348807444,0.33817452,0.321998589,0.331464644,0.307390303,0.248923886,0.325845392,0.234088285,0.200667276,0.209378129,0.190072842,0.19653334,0.195843672,0.222326893,0.249227458,0.301933553,0.302094018,0.258566136,0.21928225,0.227847144,0.201917589,0.197769532,0.204368028,0.206645313,0.24223612,0.272698958,0.254255766,0.269919456,0.275622356,0.297015789,0.276717251,0.252510231,0.267377957,0.306745052,0.312867202,0.317408199,0.292021691,0.322730981,0.200330103,0.196569162,0.211457845,0.299429517,0.234562886,0.26617061,0.232491106,0.211482527,0.211862405,0.216624708,0.245804376,0.255600208,0.282571513,0.323563244
1.55,0.216297192,0.207032867,0.199037265,0.194174253,0.239454678,0.253244545,0.265403132,0.272698697,0.241020979,0.241308846,0.212766274,0.196970403,0.175663052,0.157289953,0.201874245,0.153801592,0.15236903,0.170606476,0.165535216,0.161306433,0.153927785,0.16643222,0.16739107,0.168383451,0.166389933,0.179963429,0.196432553,0.175254065,0.140644421,0.145298395,0.158883031,0.158894214,0.179724896,0.18932604,0.195012299,0.222641838,0.227577712,0.254785792,0.224927172,0.208159269,0.217543208,0.257904006,0.272428894,0.268711745,0.236622888,0.240539398,0.186146034,0.177177815,0.178570906,0.262603096,0.191167744,0.17132496,0.178026415,0.206338234,0.231615072,0.199134915,0.211197749,0.207610522,0.199503456,0.210820395
1.65,0.194211695,0.202052293,0.213963111,0.251161102,0.223853966,0.229678087,0.230699881,0.230263089,0.213247263,0.21731603,0.216074327,0.210218786,0.208522408,0.186314714,0.213789515,0.239707408,0.180288276,0.137707829,0.147267923,0.16526795,0.17684345,0.141799708,0.181527239,0.183894269,0.197454679,0.219849043,0.177364169,0.175924611,0.156097168,0.163863994,0.142577386,0.131465765,0.147340731,0.156414307,0.167225524,0.173491954,0.174809122,0.151152553,0.164294172,0.180859226,0.180490218,0.180623708,0.155248088,0.168602252,0.197183034,0.37538868,0.243208543,0.218101783,0.225199714,0.223213223,0.173937149,0.174163571,0.150605575,0.140987852,0.141595318,0.140141426,0.157016056,0.160784568,0.156616656,0.167193916
1.7,0.287001766,0.297822506,0.28439164,0.304583187,0.268456185,0.296379284,0.323839431,0.342896261,0.317322969,0.324057776,0.314653764,0.286002843,0.24142814,0.226047123,0.284556925,0.302120044,0.232189412,0.261635702,0.225883727,0.231886484,0.231482951,0.199183128,0.263891051,0.246087463,0.247313762,0.246153431,0.213789311,0.199309615,0.161255413,0.170214393,0.178986076,0.16167207,0.187614832,0.213605932,0.235246141,0.267192664,0.259970292,0.216592916,0.23764312,0.295418946,0.311371885,0.307632419,0.303837516,0.298761741,0.318166978,0.486426454,0.289475985,0.24694196,0.273226019,0.255833868,0.236882774,0.287697523,0.245150938,0.221340825,0.203164738,0.206628016,0.258959057,0.233825172,0.209798645,0.242603955
1.75,0.334946925,0.336469974,0.359690336,0.426184434,0.393933332,0.394458883,0.373329052,0.400247383,0.383772189,0.390374223,0.395983243,0.379198681,0.383809523,0.36276214,0.525483728,0.410442115,0.311713841,0.316304986,0.27734745,0.503017786,0.399658315,0.251888866,0.424880818,0.459025582,0.432309302,0.448213188,0.363412113,0.374222184,0.273273132,0.273618604,0.235716686,0.197834576,0.244891694,0.289934643,0.355823025,0.407174955,0.398490621,0.3634292,0.418889107,0.511276477,0.520451833,0.543454717,0.528314811,0.552261048,0.552945246,0.718944061,0.488022339,0.440485354,0.426135516,0.433124745,0.36464447,0.411484162,0.352925995,0.321517813,0.268829125,0.272928571,0.395412802,0.32937365,0.317892638,0.313930108
1.8,0.489941262,0.568526996,0.494721659,0.501535967,0.443358656,0.456726438,0.426094622,0.452364274,0.464716724,0.466106293,0.482806145,0.491222501,0.496217428,0.473813395,0.602687316,0.607023412,0.346722676,0.555768425,0.384647501,0.59222512,0.660717856,0.294035902,0.517703222,0.613285949,0.54227811,0.511739213,0.398951386,0.396443067,0.279869043,0.381277234,0.366223037,0.276463329,0.38171635,0.416445845,0.433893099,0.428851621,0.457925483,0.436594036,0.50214932,0.575015384,0.619887088,0.733066941,0.739861339,0.64608632,0.714669337,0.839165562,0.548660187,0.498036871,0.562937865,0.578657563,0.529772166,0.642442124,0.449196528,0.430370295,0.382694926,0.350093598,0.602401811,0.544651889,0.456088491,0.452945194
1.85,0.591144348,0.690575529,0.63558523,0.731685818,0.746840204,0.763927346,0.671986611,0.655107981,0.774490439,0.836334076,0.757881958,0.767254198,0.763042217,0.561667026,0.714470568,0.697043306,0.422352122,0.613117935,0.493738539,0.644614471,0.636298325,0.319747904,0.529140071,0.641407925,0.569770245,0.550766367,0.456539921,0.47049425,0.387365556,0.507003504,0.423699112,0.451115727,0.573962952,0.567926272,0.745960528,0.671117805,0.727412795,0.704719489,0.652944311,0.829580656,0.776613816,0.935955232,0.948006876,0.795481383,0.818736434,1.040967536,0.722811886,0.579003738,0.707614579,0.769051349,0.614408174,0.723415089,0.57619271,0.523764829,0.467663739,0.50885769,0.780646671,0.655662341,0.521840274,0.591349245
1.9,0.600680079,0.909721662,0.819189448,0.90945437,0.829107691,0.787567632,0.707378232,0.696932448,0.796752038,0.792602765,0.68171163,0.733483313,0.713457699,0.608426428,0.776536958,0.720683937,0.535891859,0.660807031,0.525222532,0.659343276,0.671004773,0.367406497,0.61774776,0.766391534,0.715284682,0.712167783,0.586607818,0.528528016,0.401944471,0.531183563,0.481931076,0.413204533,0.530643514,0.553816302,0.743432111,0.698562509,0.838494625,0.87389183,0.76660381,1.092211078,0.939539577,1.176623743,1.04499899,0.853472978,0.928934554,1.132590488,0.747763422,0.623546897,0.732690753,0.893182241,0.733967771,0.881932849,0.71091761,0.580706167,0.565358715,0.592681046,0.935544306,0.802457929,0.592300193,0.711719364
1.95,0.659885123,1.062076105,0.926967337,1.029637918,1.15766581,0.996825398,0.868418373,0.890847748,1.12624822,1.113126444,0.927404678,0.966698726,0.904210495,0.762495949,0.8779824,0.819786282,0.672829933,0.774129245,0.600058775,0.733938831,0.747351519,0.405087884,0.683209163,0.837059096,0.808147552,0.81167484,0.815564061,0.678250056,0.562088016,0.757120076,0.731594261,0.688111398,0.845661642,0.728764916,0.855915306,1.042108396,0.959904093,1.043484464,1.008303002,1.33165918,1.048211478,1.304487496,1.099368665,1.05607864,1.220421409,1.105559628,1.158861251,0.765389682,0.844422786,1.046478786,0.825672243,1.008249044,0.79812745,0.579507907,0.630182935,0.64910564,0.922875893,0.860263431,0.604149413,0.775454665
2,0.742633949,1.140281893,0.974081597,1.046494199,1.247275874,1.045101713,0.917810758,0.895786695,1.180321821,1.201790902,0.987265844,1.126007189,0.915146779,0.8457991,0.975295397,0.861704382,0.786058434,0.768758676,0.690486085,0.778089359,0.796321773,0.450059931,0.706816134,0.863278498,0.785279299,0.793131826,0.861564612,0.8074145,0.640678353,0.765730698,0.742824744,0.677391842,0.777215901,0.731465839,0.853733583,1.082697722,0.978728822,1.148571557,1.096466004,1.302577131,1.106887606,1.247572895,1.103540082,1.113532233,1.270699727,1.194502627,1.222259735,0.838702026,0.859668189,1.042354781,0.84523687,1.158205714,0.869546732,0.62653887,0.624321334,0.661823711,0.904503917,0.851524084,0.674489851,0.808871415
2.05,0.779283207,1.269030804,1.024160018,1.080839835,1.293177555,1.115871395,1.023286944,1.096738373,1.212945821,1.189155272,1.045873116,1.116987664,0.861136054,0.837936371,0.93273236,0.878838641,0.760462772,0.806353448,0.673357129,0.816560855,0.927304128,0.535913665,0.75707369,0.898639027,0.828329093,0.78014203,0.871274901,0.737523073,0.613008099,0.800229512,0.774855025,0.672434662,0.715771122,0.699274867,0.924865976,1.104056925,1.057417561,1.240945423,1.241116662,1.275262596,1.137860388,1.217418067,1.124376938,1.194231874,1.47574542,1.067797323,1.466909526,0.891606672,0.823572121,1.06997607,0.934569887,1.17893029,0.887248186,0.672662282,0.698146675,0.654489679,0.938014067,0.909713704,0.762739989,0.876599235
2.1,0.81554262,1.270670698,1.016873218,1.095290186,1.296294589,1.074251059,1.05038298,1.101497849,1.159327734,1.175699507,0.985669299,1.015262867,0.854563329,0.864772598,0.954347748,0.880695795,0.791848383,0.860720191,0.659831413,0.797610491,0.955827275,0.490584701,0.744430963,0.935029544,0.838734719,0.77717282,0.834009101,0.680460469,0.637095194,0.706021972,0.729602503,0.638744585,0.693940456,0.682970029,0.897620044,1.103652165,1.138116112,1.252491134,1.251546052,1.303157962,1.09203484,1.218269688,1.108168908,1.077884435,1.390240863,1.205695716,1.498879366,0.888026298,0.798590452,1.153342646,0.914043668,1.204488853,0.865171079,0.672655561,0.709970138,0.777440665,1.027383769,0.864688544,0.82979412,0.950784597
2.15,0.863709731,1.252300982,1.035376461,1.018527346,1.183046327,1.054865833,1.070054752,1.11562843,1.115749485,1.168355695,0.997501894,0.959255868,0.807184777,0.758245807,0.9486969,0.785026272,0.772622816,0.853765889,0.689410689,0.782631302,0.919128319,0.499664703,0.732911476,0.937858416,0.880088213,0.75528816,0.778941722,0.682222977,0.64605605,0.648296048,0.649727386,0.557491429,0.589436488,0.66149943,0.900234842,1.066353824,1.074219231,1.262964663,1.281989118,1.21416571,1.097943119,1.17273878,0.993531093,1.12767168,1.356604856,1.150034311,1.394187818,0.849360591,0.737382221,1.068626558,0.873693062,1.312064717,0.819357945,0.641853073,0.728090893,0.827785985,1.05681339,0.836270166,0.803035607,0.952889036
2.2,0.922377622,1.24496377,0.939232822,1.031559299,1.167143997,0.983763745,1.097630789,1.137375162,1.062986065,1.114199394,1.039659494,0.905401478,0.749670062,0.686104938,0.929383179,0.724470794,0.704212562,0.83301993,0.679581492,0.691635731,0.961575777,0.516600048,0.724295666,0.977439132,0.928847449,0.831729063,0.856354113,0.559772854,0.648096514,0.618535628,0.609115097,0.571072183,0.577289615,0.674726707,0.877244954,1.022970708,1.002674179,1.160540995,1.43167664,1.128083432,1.214331361,1.100051062,0.995477962,1.094564559,1.151004672,1.083051089,1.193654256,0.953800281,0.671192949,0.904354523,0.807920886,1.188227145,0.853985,0.643533591,0.736728342,0.765923946,1.027707935,0.735455974,0.787983847,0.999740941
2.25,0.916196857,1.132132932,0.812003457,0.828151505,1.047471465,0.953116729,0.958895063,0.945992264,0.928830081,0.999852869,0.980990985,0.858426091,0.727492104,0.620068507,0.801321486,0.656293227,0.629026425,0.770856861,0.599221241,0.634795029,0.910150445,0.458088969,0.637342054,0.897695074,0.850199524,0.791155235,0.786059597,0.480867781,0.569361943,0.514563602,0.518603234,0.519339768,0.536281494,0.602981111,0.749633937,0.987015454,0.913869911,0.966358617,1.233014513,0.882141467,1.102496203,0.979628108,0.853151293,1.100791183,1.129621598,0.909486214,0.992915408,0.990980847,0.732825131,0.857369193,0.798014889,1.149583033,0.813159573,0.699843372,0.890801528,0.724566114,1.108249659,0.862819688,0.730010054,0.989590147
2.3,0.909112669,0.942592299,0.772804701,0.746581746,0.919822391,0.960170174,0.903534048,0.862744116,0.863409272,0.854534246,1.003802956,0.782994359,0.675708969,0.537515984,0.683975365,0.573416489,0.55333273,0.683938271,0.511138092,0.548033622,0.790008574,0.432686054,0.631736691,0.78183587,0.689927143,0.708566939,0.672594165,0.430362678,0.402810554,0.418997547,0.443039396,0.411760877,0.437600105,0.521199121,0.670985656,0.883321785,0.783567203,0.800052066,1.098662724,0.821364846,1.095307302,0.974822886,0.853186025,0.994403183,1.03392379,0.949019283,1.012712669,0.705285332,0.560286171,0.716500917,0.62191576,1.000175767,0.782390768,0.601534248,0.645488777,0.73092424,0.913225881,0.652814597,0.631868982,0.881924914
2.35,0.875483109,0.903604046,0.668432146,0.664128981,0.81329882,0.884885239,0.841440824,0.809944379,0.800056621,0.758826678,0.834162877,0.692735434,0.630919439,0.493501343,0.633730792,0.52287793,0.521722022,0.610939826,0.501980499,0.523397727,0.743388401,0.430201255,0.561601374,0.738217037,0.634943047,0.676770838,0.638912832,0.417880822,0.35817044,0.352227214,0.357164018,0.330424941,0.360124145,0.489719712,0.636520065,0.768917844,0.6593354,0.679700858,0.835007419,0.686781277,0.972376283,0.887347254,0.752957888,0.815482504,0.86823052,0.710112126,0.818007225,0.618843093,0.492525295,0.600607238,0.522809426,0.874772873,0.679742831,0.561732731,0.600952451,0.659424237,0.768449645,0.496749721,0.650718581,0.868029895
2.4,0.833061654,0.652234688,0.675418188,0.640948489,0.755762938,0.806816393,0.813399564,0.759324452,0.804510156,0.692974269,0.725410464,0.639925989,0.584298166,0.484346888,0.632058592,0.508677963,0.50415762,0.500329348,0.405257287,0.450126953,0.5151094,0.392901644,0.472713833,0.658440475,0.533128533,0.468941147,0.443764286,0.345596739,0.320820484,0.309894441,0.329884084,0.292064293,0.335958961,0.487212515,0.557796075,0.652165467,0.58271985,0.595019545,0.693514397,0.607943307,0.779432426,0.723906013,0.73139389,0.678969078,0.709172301,0.597709518,0.640705745,0.450802527,0.475945444,0.533267087,0.45054635,0.734257519,0.591210625,0.609408932,0.580252396,0.555527266,0.706731546,0.384468076,0.461868286,0.795759517
2.45,0.772304552,0.656948423,0.620856907,0.572470561,0.614980586,0.677655451,0.664503792,0.635748851,0.73909032,0.556037015,0.595462595,0.529396027,0.467941023,0.428632787,0.489254915,0.383754493,0.379174335,0.404382759,0.363967635,0.38598742,0.408857488,0.337101238,0.406797124,0.60720862,0.468422672,0.43708474,0.399692233,0.319364079,0.287416847,0.288400537,0.283047692,0.261557497,0.312999449,0.449277417,0.560991825,0.653972056,0.599236875,0.570876811,0.63264215,0.510377619,0.661779813,0.661351883,0.666192453,0.596603509,0.660552673,0.637903191,0.634720895,0.502885592,0.454360441,0.549106513,0.472780231,0.76869772,0.606184903,0.561609476,0.577391944,0.608751276,0.777816872,0.456903477,0.468260906,0.779100429
2.5,0.461140353,0.41165165,0.503154271,0.505280164,0.535312544,0.599876474,0.607732706,0.55669053,0.533444808,0.450359864,0.43362843,0.385906623,0.356662231,0.359155584,0.382882388,0.29584894,0.324258029,0.353270908,0.33902403,0.338875911,0.401732237,0.375492923,0.388190062,0.535213315,0.390524506,0.353294079,0.314764985,0.249919031,0.23906377,0.228096865,0.225353727,0.21628377,0.264680956,0.350076685,0.355310281,0.378493904,0.376793588,0.347848899,0.449026642,0.360967518,0.393897915,0.367467024,0.395662616,0.441931149,0.399660786,0.405501835,0.396447683,0.334854585,0.375778809,0.386283309,0.379455693,0.644773665,0.477463279,0.482484706,0.530003127,0.481527247,0.627464977,0.336584015,0.341282972,0.673052353
2.55,0.33665689,0.333884684,0.382729349,0.348486714,0.368668562,0.467167311,0.472963203,0.438836144,0.412446759,0.34519801,0.341299367,0.297867417,0.273809054,0.266712306,0.299406163,0.242024143,0.279758683,0.30717634,0.301003271,0.304521308,0.297370046,0.347975973,0.307613385,0.473869441,0.300039098,0.282593133,0.258674875,0.230383262,0.203544077,0.178972665,0.178017898,0.182116473,0.233475835,0.329248068,0.342186494,0.348363145,0.347884863,0.320174822,0.375517712,0.316046158,0.328501001,0.271150611,0.286511878,0.28973368,0.306878523,0.300600456,0.307565435,0.275822863,0.271806894,0.262758669,0.243315321,0.389754657,0.330190885,0.319063932,0.31696309,0.299750367,0.264543928,0.26305938,0.294555346,0.36953089
2.6,0.369030017,0.337105516,0.388158832,0.342697455,0.37522591,0.418745652,0.439872361,0.413266373,0.382075094,0.324890271,0.284927313,0.245706933,0.205266997,0.221961685,0.225902872,0.201044229,0.19529521,0.198051403,0.196459318,0.186161449,0.208060717,0.218470958,0.227648781,0.225900692,0.245392707,0.262092878,0.243565764,0.199708247,0.172021298,0.184851846,0.176358394,0.169797998,0.213904791,0.293198895,0.29645896,0.317201802,0.306583192,0.291604641,0.308156279,0.25410114,0.267237368,0.261059658,0.262767346,0.276237216,0.270715218,0.254386422,0.249785305,0.225525116,0.243343679,0.259482095,0.255950044,0.434622775,0.311840171,0.315796593,0.352885514,0.321029666,0.314820478,0.266538875,0.297491319,0.371528446
2.65,0.24379474,0.244296334,0.268210956,0.237721228,0.301945687,0.333237956,0.306339718,0.300182571,0.289387589,0.246897048,0.213893512,0.209808905,0.189279285,0.214104816,0.241438837,0.197755581,0.196202741,0.198642108,0.19890972,0.200223372,0.202936673,0.221200819,0.228121105,0.212586095,0.211824362,0.212611709,0.226944733,0.207032194,0.180568983,0.157976565,0.142919499,0.132483596,0.179710836,0.265925728,0.251418725,0.241932174,0.260137854,0.237398473,0.240182518,0.200479539,0.218162236,0.189702131,0.179527866,0.184214714,0.198743983,0.198629169,0.205834016,0.231519934,0.212823448,0.210689521,0.189597164,0.227752802,0.220652026,0.259886767,0.257503694,0.206389641,0.205311667,0.191442734,0.207799463,0.248120822
2.75,0.242111495,0.246090085,0.239604339,0.215497189,0.229141568,0.250712759,0.253440177,0.267992931,0.246573872,0.229710314,0.209033031,0.196837404,0.178614389,0.176044446,0.186096641,0.189740516,0.185312342,0.183115768,0.177937118,0.183780665,0.193923631,0.198798115,0.206445652,0.233605663,0.232695284,0.221421595,0.251733014,0.187086542,0.186695747,0.167672535,0.157316686,0.151925173,0.202468734,0.268437909,0.252815443,0.253330908,0.267992059,0.269479279,0.23333036,0.214435805,0.251510905,0.230013328,0.210106197,0.239401636,0.25824542,0.225670453,0.234261539,0.221517153,0.219388982,0.243306524,0.250022407,0.266801727,0.253330193,0.232139379,0.246011112,0.218414233,0.222262524,0.218741756,0.24320825,0.249714802
2.8,0.265394092,0.270415238,0.283834284,0.262789246,0.286862568,0.281582259,0.258299268,0.260090847,0.233057411,0.218470151,0.204014091,0.20762631,0.194021367,0.201218481,0.225241229,0.204167646,0.176611719,0.190843819,0.189853398,0.188696315,0.205751618,0.216232592,0.242686984,0.282577246,0.266201627,0.286159392,0.231318002,0.20409766,0.194885013,0.213783268,0.198434002,0.205574017,0.249580213,0.258066399,0.260235928,0.2781033,0.259371615,0.25827384,0.25484397,0.253939344,0.264082756,0.260655128,0.252304203,0.290742564,0.328039515,0.279565137,0.31233493,0.275828106,0.258435283,0.27757481,0.275239822,0.29254753,0.368089409,0.261201457,0.275207837,0.257384458,0.275879715,0.278071572,0.28476684,0.283098083
2.85,0.311641654,0.322554176,0.351915343,0.309291998,0.293870441,0.308174215,0.294184544,0.287258347,0.266733656,0.251887326,0.240790319,0.240326908,0.222668903,0.248912095,0.266449929,0.259727089,0.223470799,0.238594808,0.228600221,0.20808604,0.210790726,0.235362403,0.26570718,0.296299638,0.290608284,0.301984403,0.289080928,0.211481741,0.219957443,0.229685042,0.20171554,0.208959307,0.210637654,0.233184857,0.286722923,0.30183369,0.293419487,0.354133704,0.318289426,0.298054639,0.2993131,0.311740172,0.314008257,0.346782435,0.383751852,0.330568902,0.409498138,0.298508376,0.317684879,0.355275599,0.321610982,0.372595763,0.443988361,0.326900413,0.341098323,0.344327046,0.332127705,0.333814967,0.29960147,0.305295908
2.9,0.299039797,0.346249099,0.333537772,0.308791456,0.329897307,0.343839013,0.330875011,0.334710169,0.299968445,0.290092701,0.275319166,0.252168387,0.244135738,0.266747845,0.281213363,0.260019598,0.234962972,0.24520784,0.240951506,0.239068517,0.243483742,0.295550002,0.304713887,0.309229257,0.313643477,0.323694384,0.319162768,0.244554478,0.237694214,0.244686096,0.222573671,0.217181773,0.265707265,0.292626126,0.302111791,0.34252816,0.350798995,0.333440465,0.355298601,0.319187247,0.363357743,0.350128968,0.343087943,0.418799168,0.485509856,0.388442407,0.575816114,0.413103068,0.396472972,0.436444809,0.42269574,0.467033808,0.576742456,0.492623578,0.481982102,0.723671757,0.532660422,0.414799691,0.367859314,0.383116716
2.95,0.327805028,0.379231738,0.401585257,0.359329857,0.357626864,0.355187369,0.357879408,0.366116004,0.31991247,0.311142866,0.288288374,0.28017919,0.26088136,0.317684414,0.322320157,0.28234374,0.253644643,0.269263454,0.272571718,0.25830546,0.302103987,0.299878361,0.352164109,0.388418368,0.387262326,0.429968785,0.339757045,0.263295862,0.22916641,0.244904289,0.259687788,0.268664688,0.28744671,0.298633312,0.326227737,0.354181135,0.380107544,0.39559642,0.396402098,0.361524863,0.42759311,0.416956341,0.435789078,0.507707494,0.626685059,0.411970458,0.512475895,0.413581064,0.38846166,0.425895069,0.438629236,0.483185567,0.559520302,0.43851073,0.44883872,0.521117458,0.403320031,0.319845333,0.334570194,0.399092649
3,0.387267856,0.421308014,0.393070303,0.366449184,0.380662505,0.351805733,0.354853498,0.344480635,0.329764078,0.314515188,0.314730306,0.302132095,0.307087062,0.336084163,0.35990119,0.327645471,0.313542703,0.32765807,0.271096492,0.276685102,0.300784078,0.3100484,0.409318898,0.428331157,0.437409943,0.503819022,0.393297061,0.266082337,0.247360209,0.238724761,0.221091238,0.237389949,0.292719415,0.33691727,0.425988423,0.462160126,0.469253769,0.457163941,0.489654173,0.402786365,0.52463879,0.498278088,0.511933332,0.619191213,0.744338166,0.523919511,0.616438891,0.486718967,0.427043747,0.496286421,0.531488981,0.571400533,0.614727701,0.507369687,0.479008275,0.760106869,0.530134106,0.422804278,0.419438212,0.414397862
3.05,0.428401456,0.447081965,0.474040353,0.424595443,0.403834621,0.436181331,0.393870851,0.414175753,0.36061659,0.352622088,0.340191689,0.338001145,0.338590095,0.405963534,0.451140262,0.373648985,0.36801653,0.364256608,0.308812205,0.298550788,0.340187193,0.34573138,0.398248552,0.459659363,0.472659049,0.509548506,0.408725447,0.265255423,0.271953985,0.263685296,0.281334407,0.290445436,0.329720413,0.348342244,0.409673247,0.470080371,0.444433551,0.461515237,0.473097963,0.404625958,0.465285475,0.438850659,0.436392457,0.525904989,0.731534207,0.52390507,0.624899145,0.507905328,0.462824716,0.505467614,0.478898382,0.537801648,0.584086169,0.543192036,0.58505942,0.782086281,0.569641037,0.418787917,0.391738298,0.492004418
3.1,0.443592265,0.496821497,0.464963383,0.399154813,0.430474753,0.410680004,0.400050904,0.459287248,0.393842759,0.382918489,0.375944982,0.373130742,0.336270606,0.450462115,0.470839609,0.402324422,0.383455283,0.386702495,0.31467661,0.296763917,0.362619574,0.338955638,0.468700445,0.47238097,0.477753495,0.532792792,0.455160742,0.361359446,0.327437921,0.279816268,0.32590807,0.280969818,0.345427899,0.401038324,0.483143424,0.51110605,0.529870816,0.529148981,0.523279871,0.429594831,0.549399407,0.539567657,0.569509354,0.612468846,0.738379939,0.536339023,0.664097831,0.516079577,0.444506266,0.506158511,0.461225661,0.558623154,0.596671556,0.497422395,0.579700766,0.739862115,0.53257347,0.428835395,0.352484607,0.407804485
3.15,0.464542219,0.510766726,0.461357751,0.434859227,0.445680578,0.451509174,0.429724301,0.475827725,0.425412612,0.40818511,0.39584421,0.433050233,0.350696832,0.50923128,0.50256322,0.417111806,0.445769778,0.375439707,0.334018211,0.340225563,0.3626626,0.381646946,0.48436721,0.519240756,0.502440079,0.536280405,0.462373311,0.372265204,0.301446969,0.291609606,0.295037298,0.298869564,0.337700573,0.380312656,0.453638499,0.51230942,0.519572514,0.532965888,0.55376379,0.426880648,0.520101485,0.519544807,0.494701757,0.543609785,0.712524984,0.535764439,0.699771618,0.527741652,0.45607949,0.473081919,0.456668254,0.531452721,0.67376942,0.569173853,0.514953706,0.658702801,0.567265349,0.488457883,0.405085835,0.432691124
3.2,0.447135941,0.489739312,0.456288656,0.435948398,0.43395677,0.449497449,0.408530551,0.487889154,0.430596149,0.407439894,0.383173304,0.392913951,0.332875199,0.545063511,0.464931666,0.415020376,0.407936138,0.363637637,0.329832381,0.313993926,0.369199863,0.405825876,0.449327399,0.541939881,0.599924606,0.590735813,0.504832181,0.325505628,0.302661986,0.252606627,0.314227016,0.335056087,0.321781853,0.371175126,0.4671706,0.498853704,0.468644165,0.521446186,0.63754903,0.413150125,0.595993539,0.537156467,0.54687635,0.618052509,0.656244191,0.519069756,0.582417599,0.55467957,0.487767527,0.484056751,0.461052716,0.560814268,0.676416523,0.568167065,0.51924482,0.654028354,0.565266624,0.454067043,0.383104004,0.456810956
3.25,0.415123582,0.501543227,0.480946672,0.49264,0.492292379,0.482983894,0.459934878,0.508525074,0.446389872,0.443783968,0.445243784,0.486340364,0.341419532,0.509664366,0.491949177,0.431112515,0.432024423,0.369882859,0.341274633,0.329273146,0.396064733,0.425831649,0.448664868,0.523984685,0.596975614,0.575232989,0.469482587,0.323017103,0.326501931,0.290928705,0.332114994,0.317657196,0.302190141,0.392806966,0.46355961,0.44730722,0.426142241,0.496532576,0.601322204,0.379650057,0.513589306,0.447080104,0.409135505,0.490212427,0.571805993,0.482873586,0.569142756,0.572650055,0.461805503,0.454068716,0.436817086,0.480585828,0.713517089,0.542266962,0.543548244,0.585126414,0.532567045,0.451735203,0.402299148,0.511004261
3.3,0.419140684,0.511524368,0.461322628,0.489864099,0.489616126,0.502232977,0.44706901,0.508057654,0.402741581,0.421119733,0.431068208,0.452799624,0.322448677,0.476307234,0.467239002,0.401890783,0.388779181,0.399541084,0.368837616,0.313918855,0.458075974,0.380055447,0.463817654,0.504504728,0.579051714,0.5864381,0.451194938,0.313079801,0.29222562,0.273239475,0.29476642,0.297333594,0.313789374,0.388473702,0.46172826,0.41933793,0.43512504,0.529026885,0.628294279,0.407858338,0.546852808,0.458665005,0.416169469,0.473531094,0.539135137,0.496408122,0.549467156,0.520615467,0.412414461,0.424293137,0.399295925,0.457470147,0.674492181,0.520593102,0.514709451,0.57160112,0.486637875,0.421779273,0.425881685,0.487897457
3.35,0.395383417,0.473429458,0.445533417,0.464552933,0.460430461,0.477071286,0.408669532,0.483578044,0.413261222,0.411693761,0.414212311,0.447300865,0.341054841,0.455735282,0.424919266,0.371905208,0.354121291,0.378902846,0.3496212,0.290182837,0.40067004,0.364261684,0.441095715,0.491838879,0.568797283,0.563750758,0.477736134,0.294221003,0.298685721,0.245833036,0.282740574,0.299587364,0.329854817,0.369064902,0.414708982,0.442146361,0.40068737,0.472286181,0.57909103,0.371595876,0.520043959,0.463341851,0.46084084,0.491390449,0.535009299,0.431574872,0.503539205,0.470771732,0.391346409,0.380963239,0.369009598,0.38734937,0.591690789,0.476789433,0.456657376,0.55307569,0.492374223,0.393176452,0.441225781,0.494053354
3.4,0.478056999,0.549101461,0.49699883,0.604223489,0.653160931,0.58943931,0.588281517,0.629213281,0.536571648,0.480143182,0.418465118,0.445759495,0.345355073,0.470136466,0.476311157,0.37058034,0.370099035,0.388950363,0.343618533,0.312826958,0.413751245,0.403857204,0.500348408,0.526272063,0.527531913,0.553875393,0.451988646,0.33443418,0.334332234,0.28901811,0.306579479,0.307577606,0.311366632,0.373342198,0.436114937,0.423945445,0.465040183,0.486681917,0.543037627,0.363912577,0.510393749,0.470626645,0.480176104,0.448569014,0.519714514,0.437531284,0.493157741,0.456880914,0.404000278,0.405748167,0.394445745,0.415387622,0.603579388,0.541916593,0.466444147,0.477389585,0.436690493,0.43818201,0.397993074,0.494696938
3.45,0.34357862,0.370119221,0.390108148,0.394975961,0.419633389,0.424654823,0.368582868,0.459426132,0.361079523,0.389298934,0.370332436,0.395071453,0.331062604,0.441260323,0.35790491,0.329557769,0.31517419,0.365212973,0.316039267,0.258479255,0.374029544,0.326914338,0.44867903,0.413916769,0.473137036,0.485453374,0.446185136,0.340784263,0.309916668,0.279021083,0.278429682,0.276451793,0.275396181,0.338003714,0.376638741,0.441679145,0.431703789,0.445944587,0.528131801,0.36090251,0.448810046,0.412367643,0.410807913,0.372282879,0.46551196,0.37335768,0.396482061,0.382044633,0.347451814,0.339966407,0.335486885,0.333568961,0.470924204,0.452816429,0.405190086,0.485206268,0.42188717,0.369538945,0.452074062,0.405103082
3.5,0.361110244,0.389230479,0.408412901,0.399436476,0.442838848,0.431143312,0.39015115,0.417062272,0.346671791,0.341216357,0.303377848,0.337995505,0.296992751,0.377567949,0.399632529,0.317871709,0.301774679,0.308668029,0.28292001,0.24064162,0.323474618,0.292001619,0.369477546,0.372577419,0.438008742,0.440512481,0.364264923,0.297572586,0.274230729,0.24980459,0.253927822,0.279312733,0.299424738,0.329673967,0.378389571,0.424144278,0.390758777,0.373194469,0.395650035,0.297823464,0.394014753,0.398631662,0.404229159,0.366894126,0.398494661,0.331315506,0.38902413,0.386160816,0.306832621,0.343429303,0.319011078,0.330816822,0.505289141,0.444819345,0.370884106,0.373389584,0.335791977,0.321832024,0.409016726,0.371841699
3.55,0.342071175,0.355732546,0.396934291,0.383259623,0.407316879,0.427744045,0.400725492,0.403032454,0.338668822,0.329218266,0.314896165,0.306745325,0.263451263,0.311758667,0.329330199,0.291470939,0.281219054,0.294968549,0.263319307,0.238368332,0.292006586,0.283773934,0.334503753,0.340253977,0.364177878,0.536908369,0.337314743,0.275634879,0.259730188,0.248687571,0.260975005,0.251373963,0.250646266,0.289139601,0.331237361,0.368689671,0.385507164,0.423739933,0.393339273,0.29607415,0.361494418,0.36645146,0.364206726,0.353486025,0.36013874,0.351995915,0.352508583,0.327570198,0.307524151,0.286891736,0.287075383,0.267365983,0.349191584,0.34815045,0.344918671,0.362572282,0.334679182,0.310240731,0.392739966,0.364652479
3.6,0.306609184,0.33653143,0.354327391,0.345101418,0.363388403,0.385603856,0.350946041,0.343564687,0.298450298,0.290709021,0.283491623,0.279633443,0.256225584,0.294834639,0.340840064,0.28604273,0.278312242,0.292382312,0.253257127,0.21757517,0.263705495,0.27003118,0.354574749,0.362240217,0.392737265,0.375810312,0.410417975,0.260257605,0.243066198,0.229728829,0.227791481,0.244493751,0.268654091,0.307204542,0.317080962,0.335734707,0.338111903,0.314929458,0.327215609,0.281206359,0.322682049,0.311452508,0.303456183,0.278849226,0.301080356,0.270350709,0.316912451,0.316618251,0.293900913,0.300623114,0.299565699,0.282433605,0.336637364,0.329007597,0.351072607,0.327434677,0.30604681,0.277001771,0.334894824,0.316111882
3.65,0.367751445,0.374463409,0.380998528,0.386335628,0.437545321,0.437283353,0.415840636,0.421418631,0.399714546,0.316872157,0.278656543,0.279819217,0.230903994,0.251787761,0.261417792,0.250560393,0.239096227,0.24614264,0.238756601,0.228480788,0.24402478,0.252628495,0.304223984,0.325234931,0.359997443,0.369535257,0.308911514,0.251474438,0.24336525,0.240699292,0.209130384,0.206345506,0.219095157,0.238325429,0.265178265,0.278889317,0.291753188,0.30492464,0.319049018,0.258089283,0.242237894,0.250901185,0.25457092,0.24596017,0.24866204,0.254809916,0.284319718,0.268833873,0.266519323,0.263493538,0.261942791,0.287186547,0.302087907,0.33812888,0.338327685,0.349629788,0.353956746,0.356610511,0.353510121,0.348413892
3.7,0.398836856,0.400501325,0.38071195,0.406331392,0.424688557,0.390626331,0.378147243,0.381743548,0.330608342,0.252566425,0.237780008,0.225024778,0.202684972,0.227575941,0.242760373,0.236414423,0.225745387,0.239316956,0.225402582,0.220815757,0.236218803,0.258037221,0.337246108,0.358392262,0.401010896,0.382457645,0.289627195,0.250716312,0.261371582,0.262763238,0.24897654,0.245546444,0.246546242,0.262820531,0.293186896,0.31516402,0.330602502,0.315639457,0.296989112,0.251357086,0.240362213,0.254728404,0.238796147,0.22537147,0.252751188,0.266932027,0.315381829,0.273011777,0.283370138,0.274363942,0.256907002,0.298686946,0.31840051,0.347584257,0.387265101,0.327056744,0.348949434,0.376386543,0.380812446,0.391240336
3.75,0.328200288,0.381790744,0.403911768,0.425471384,0.477803933,0.431340611,0.386193751,0.354871893,0.322209041,0.277621902,0.261004826,0.26658984,0.234814532,0.268977719,0.284185427,0.248646834,0.239879298,0.237383756,0.238197109,0.215985523,0.224095991,0.238046429,0.256796302,0.296396978,0.30900211,0.465824778,0.266253416,0.243493294,0.255166151,0.250932235,0.250429756,0.213275982,0.233237567,0.234845961,0.258607671,0.287592646,0.278106129,0.26789168,0.272643252,0.233744742,0.202946658,0.215393755,0.227085217,0.217649319,0.22058093,0.240006948,0.274544341,0.285521646,0.311998508,0.299304503,0.291225817,0.291998053,0.280263121,0.282884405,0.287066959,0.277378142,0.259929226,0.253840627,0.252018927,0.291920354
3.85,0.267651317,0.315896989,0.358482916,0.390407365,0.459464529,0.423254937,0.412906112,0.398226922,0.377297178,0.306126994,0.261415848,0.246668528,0.217680826,0.214271499,0.230136371,0.240780046,0.22913284,0.230999338,0.249716517,0.233040111,0.252031791,0.256545077,0.265066907,0.279614513,0.31788058,0.447269314,0.294592665,0.256024104,0.286609499,0.285896593,0.28632038,0.280697929,0.30041665,0.304781747,0.322672283,0.291194359,0.307368571,0.287597202,0.263258636,0.253060717,0.236408239,0.247220717,0.273783194,0.242592822,0.239457089,0.244168978,0.277440934,0.280713976,0.289907307,0.286069587,0.275851955,0.284750387,0.298989543,0.305726786,0.301256674,0.307148551,0.279984299,0.296894768,0.28024746,0.265999804
3.9,0.369159491,0.397569774,0.40222467,0.395965912,0.456767459,0.427197241,0.425642328,0.422910696,0.411737437,0.33594561,0.314732871,0.294368455,0.242920393,0.257685736,0.261134977,0.26866784,0.253816105,0.275872434,0.278261368,0.292599793,0.306641653,0.313510592,0.326066489,0.335735352,0.361724459,0.49958661,0.330643797,0.311843592,0.328134847,0.319985597,0.301778118,0.302219286,0.377209338,0.384137249,0.351535452,0.364142382,0.387884395,0.37897704,0.360877022,0.297493369,0.258767988,0.288238383,0.296791292,0.270887085,0.290719655,0.303476228,0.315823309,0.315561131,0.304138477,0.298485872,0.309226382,0.315023368,0.361591025,0.401992327,0.413406128,0.347193163,0.331489844,0.353341366,0.365131723,0.39722929
3.95,0.435711212,0.43966497,0.490772122,0.524051074,0.507034885,0.512198464,0.461889185,0.473049105,0.434740967,0.340482653,0.333759323,0.318431986,0.284306853,0.293449934,0.289348434,0.285030116,0.276171733,0.282945969,0.27793564,0.281538487,0.291651826,0.335308139,0.372152787,0.385730199,0.429496971,0.556767651,0.377727141,0.326529756,0.321025223,0.297380717,0.283862409,0.27630256,0.308735967,0.338864965,0.357129605,0.387289013,0.406427535,0.378436068,0.386861785,0.319539235,0.265725638,0.295101335,0.308304268,0.32417305,0.332351931,0.35320935,0.409062523,0.39917501,0.401594277,0.367889649,0.382328673,0.44334508,0.464131849,0.502003265,0.478580349,0.46164718,0.427963902,0.450988063,0.427484262,0.414275661
4,0.463420354,0.496260545,0.562653941,0.55301037,0.550602011,0.530070009,0.510880361,0.493209659,0.454801756,0.373085677,0.332406312,0.328023258,0.299647018,0.288256735,0.298581508,0.290227083,0.279141301,0.29605291,0.290690082,0.29306516,0.295551169,0.326349687,0.377422669,0.401642873,0.408632715,0.512349806,0.358165439,0.336752356,0.346173455,0.347086292,0.350116845,0.341005751,0.39922897,0.404869576,0.416035129,0.420924774,0.42365726,0.364021853,0.37498703,0.351232941,0.316144723,0.344891449,0.331082786,0.346130305,0.361444538,0.399358978,0.42260088,0.418802007,0.459293699,0.382635109,0.393099254,0.387121504,0.38883131,0.431192613,0.494298632,0.402333582,0.382695341,0.387222818,0.385009515,0.45308078
4.05,0.472084809,0.5056347,0.549966707,0.537818355,0.549846125,0.514514345,0.502659928,0.485941483,0.441417649,0.357945553,0.341684095,0.336188361,0.29590789,0.314119148,0.32604894,0.305842424,0.303562328,0.31304885,0.330760653,0.335053845,0.302535125,0.35455382,0.392144406,0.416265466,0.397117025,0.475906973,0.365095224,0.368255179,0.397100396,0.380889234,0.366378998,0.368106359,0.434526653,0.43033256,0.484163682,0.498442171,0.505751498,0.416289551,0.422122274,0.380383216,0.346695348,0.362316677,0.378949715,0.40348943,0.488066521,0.507580442,0.483404941,0.469843627,0.505053831,0.484537817,0.444329998,0.521283674,0.490179581,0.519390207,0.547564429,0.457921746,0.432226375,0.399200098,0.395647363,0.423412132
4.1,0.460131228,0.460682521,0.517135044,0.564877999,0.561573951,0.552297808,0.545065217,0.537366275,0.494246675,0.421807052,0.394840514,0.396205146,0.362850434,0.354605364,0.360102897,0.326145848,0.288978779,0.299548538,0.316867299,0.349469524,0.31185823,0.399018758,0.408940347,0.434889668,0.439819932,0.499037766,0.347466556,0.298284806,0.32691726,0.336740912,0.309894674,0.3285488,0.378861534,0.383004731,0.37691585,0.393359381,0.469599522,0.420641457,0.458097192,0.354847463,0.345977261,0.40700679,0.496017264,0.48147927,0.475692233,0.515037145,0.504709119,0.468182786,0.517777742,0.459088745,0.419441888,0.470599013,0.44383388,0.495320492,0.512836969,0.457290504,0.432318924,0.433679219,0.430211563,0.477531994
4.15,0.473555436,0.467822567,0.506598153,0.517674187,0.510024738,0.470931162,0.429354552,0.424661917,0.400513055,0.344780678,0.331587859,0.331871977,0.321132672,0.323390121,0.320606298,0.298408644,0.282304169,0.297323567,0.282775029,0.299858804,0.288294764,0.360334904,0.420372328,0.455671396,0.481426047,0.523666749,0.379725385,0.34233567,0.341396467,0.32801108,0.314370883,0.304849342,0.354136743,0.37467046,0.361393102,0.379492439,0.440519178,0.363167386,0.381177344,0.317887744,0.295413667,0.357772142,0.375353026,0.406155925,0.400253187,0.436060267,0.418443867,0.473934831,0.494454026,0.487065244,0.471584694,0.500584528,0.456977603,0.504787388,0.531423004,0.476234569,0.475627443,0.464747251,0.406578331,0.435863074
4.2,0.469835711,0.48600916,0.490041355,0.523912779,0.523061392,0.513733614,0.471718643,0.430668747,0.405558912,0.343375345,0.332045991,0.322905395,0.293029888,0.312421625,0.310236269,0.300630778,0.300115492,0.309350411,0.319694128,0.339833364,0.290938563,0.379180993,0.401672682,0.454731961,0.440242788,0.474020262,0.368136712,0.345811068,0.326028393,0.343897805,0.374633952,0.361659061,0.379049806,0.394803223,0.461785339,0.48950454,0.499668342,0.413725923,0.424774719,0.379837693,0.328492027,0.375691565,0.393329307,0.420747733,0.447377099,0.469529879,0.494942059,0.455520546,0.542808756,0.554910668,0.516293109,0.592150928,0.559084556,0.600585422,0.5447622,0.553855173,0.501865905,0.472707102,0.496722553,0.513005596
4.25,0.563477556,0.56464487,0.578900592,0.594916627,0.572223957,0.547815387,0.523743377,0.483788533,0.426119493,0.38567792,0.375268662,0.357731199,0.314438596,0.354897333,0.324500921,0.316408247,0.303558182,0.33333743,0.358634834,0.353815309,0.343195732,0.443503518,0.471719645,0.501493601,0.596424584,0.608809833,0.455460814,0.417421756,0.418486238,0.407947792,0.414508695,0.391542912,0.413787539,0.455567894,0.480096945,0.512056568,0.537861426,0.469942625,0.469963425,0.445677314,0.395911535,0.423140312,0.425353414,0.486712712,0.512426311,0.551087235,0.608524915,0.48052886,0.546304389,0.609555998,0.567600152,0.646148391,0.706349833,0.770517741,0.722005235,0.765935609,0.714001994,0.59034104,0.712087967,0.59983753
4.3,0.512908519,0.471953701,0.522211059,0.544851711,0.511455227,0.504347031,0.467754983,0.418958891,0.411769005,0.355511145,0.363345628,0.342656877,0.333354753,0.358259594,0.32597605,0.31787107,0.31193142,0.364824093,0.385144371,0.346179989,0.351515238,0.421547261,0.421879534,0.47037361,0.483899917,0.463330382,0.362089012,0.320573932,0.308239045,0.312856176,0.314504465,0.295193281,0.379385617,0.362186181,0.378472824,0.434748115,0.486461608,0.43780524,0.415631827,0.422869007,0.381760879,0.411195445,0.407034436,0.436665836,0.446611669,0.453027555,0.480659784,0.442159608,0.471332533,0.543306193,0.502676523,0.55790507,0.53144365,0.515853289,0.570571577,0.515663907,0.495755742,0.550558548,0.496669959,0.483396854
4.4,0.547210317,0.541134981,0.532753045,0.525213654,0.509176521,0.519596385,0.507495708,0.459065619,0.422430301,0.380429475,0.387853309,0.344674569,0.335627012,0.350272786,0.34421443,0.327311724,0.289729826,0.331736007,0.320387438,0.332553342,0.293464951,0.374073499,0.417774022,0.463814295,0.553599755,0.493911314,0.433774864,0.380458364,0.379960116,0.37314748,0.363709063,0.365827022,0.403463312,0.426579622,0.440511354,0.453383616,0.474403938,0.434666389,0.439906848,0.479532736,0.37285943,0.38332781,0.391077374,0.447101972,0.443875233,0.455015997,0.545148516,0.413046815,0.455162608,0.481001115,0.430901776,0.487338293,0.550264718,0.575511566,0.531855775,0.546101053,0.530061646,0.492953384,0.527770924,0.516503974
4.45,0.491888967,0.498782249,0.462997281,0.465214587,0.462729907,0.449720634,0.452928456,0.428904729,0.424485206,0.37277484,0.364098901,0.348866934,0.316087959,0.351051201,0.322631052,0.300092474,0.286104437,0.323886947,0.337213379,0.325580964,0.310126263,0.359830321,0.35915268,0.410186397,0.461552437,0.439485305,0.365822275,0.370815405,0.383945582,0.364303524,0.362589021,0.342439578,0.370769077,0.384906994,0.433813126,0.428570803,0.432674055,0.387375639,0.426082174,0.48088471,0.385368032,0.377914585,0.376632399,0.428969427,0.428159576,0.524785583,0.531056187,0.407814087,0.45259301,0.473889131,0.452536964,0.452946004,0.576646971,0.603633798,0.508283953,0.549245422,0.510134069,0.483419148,0.483948912,0.46544503
4.5,0.50780957,0.462446649,0.45775229,0.447818488,0.465498578,0.472715369,0.476279508,0.42234199,0.3964786,0.355218762,0.364405302,0.330576403,0.312179655,0.34456233,0.349497747,0.309609131,0.291083917,0.349178272,0.34397379,0.333305103,0.297661654,0.353840205,0.381914451,0.435862468,0.462871237,0.434955958,0.361731709,0.343749648,0.344957935,0.337524254,0.323927876,0.323219159,0.333382195,0.397484633,0.400930445,0.409921824,0.448751516,0.396914736,0.416250781,0.444694242,0.408862139,0.398733437,0.367074557,0.420987782,0.462340873,0.505534341,0.577131019,0.450602546,0.50771619,0.557732151,0.51667434,0.552340825,0.558255898,0.588316667,0.573644219,0.513924725,0.530968458,0.479566434,0.456677594,0.465157683
4.55,0.467472912,0.445031245,0.458615085,0.48038325,0.503825505,0.466652421,0.468800359,0.419504156,0.410736316,0.362953653,0.35279327,0.325634783,0.305955858,0.334213148,0.320785945,0.310776013,0.312551304,0.315717346,0.315517531,0.30342357,0.300922766,0.335408974,0.394649025,0.433196369,0.488579165,0.473969333,0.396959305,0.369108283,0.344584096,0.342488497,0.328839262,0.318161629,0.358644794,0.359334599,0.396036613,0.392816814,0.413343486,0.364327138,0.390502112,0.425580901,0.375993886,0.375630554,0.36903268,0.39615739,0.430974944,0.503277981,0.621199632,0.51627262,0.531476736,0.5852246,0.51471035,0.527897274,0.59047928,0.589856675,0.547435204,0.507117894,0.501411294,0.44739776,0.459963733,0.47791196
4.6,0.41286473,0.412205505,0.40091553,0.414815361,0.398356399,0.398912174,0.408382211,0.369278973,0.370128863,0.345196586,0.348365739,0.315545346,0.276189151,0.305732836,0.308622391,0.288708381,0.292486471,0.301110407,0.323710126,0.319784116,0.269948179,0.315898106,0.330455357,0.347120912,0.376535527,0.351976821,0.311529259,0.309998632,0.308619166,0.310506831,0.319336326,0.33553047,0.313565987,0.327181088,0.351345126,0.358900091,0.412195052,0.370090305,0.372107705,0.400363297,0.328418835,0.37109646,0.361245635,0.388555758,0.37992969,0.464720637,0.528561134,0.404596911,0.428426747,0.448227791,0.453516154,0.464617163,0.499163576,0.514526905,0.483753919,0.458011621,0.415023114,0.392980889,0.432911647,0.454993826
4.65,0.402872987,0.411887301,0.407937782,0.412462202,0.42817089,0.440801025,0.424828791,0.369933004,0.363374824,0.322196569,0.31238693,0.295235119,0.267452732,0.289219951,0.282283528,0.269066681,0.272371873,0.268146065,0.279055813,0.274653041,0.278550096,0.31049323,0.371490358,0.399557905,0.421049902,0.40101236,0.362199125,0.338822044,0.320070904,0.288531974,0.282990679,0.273755169,0.287275069,0.305335046,0.350456302,0.344326942,0.374448677,0.342735881,0.353905757,0.365545456,0.360767283,0.370274928,0.327953313,0.393225889,0.398047255,0.453077528,0.44821384,0.385093897,0.395657661,0.390070047,0.371195141,0.378113216,0.442422234,0.522830261,0.468777092,0.476570882,0.42849963,0.422854342,0.433205495,0.444729948
4.7,0.443280508,0.412868052,0.39453663,0.40083073,0.403744549,0.424752278,0.412329146,0.417380183,0.4047004,0.385916222,0.421530509,0.368284391,0.305758961,0.307446995,0.294926149,0.291054928,0.295036774,0.267922284,0.27534722,0.28102997,0.280045251,0.303017916,0.333313706,0.33208382,0.36143454,0.357094056,0.328675317,0.323933712,0.334336949,0.352259394,0.369438253,0.380357773,0.377701083,0.4321873,0.432311788,0.4351119,0.406252424,0.357838004,0.372420784,0.384788412,0.335955506,0.332558974,0.298986754,0.324738952,0.32888344,0.323045545,0.358752685,0.323826602,0.312632881,0.344544825,0.33710945,0.347623613,0.433515245,0.451675472,0.420822012,0.421894249,0.4027282,0.405117931,0.428560384,0.437274266
4.75,0.403728574,0.403895479,0.425217333,0.434750021,0.449624862,0.427896162,0.393976636,0.345992476,0.348965138,0.317214276,0.304423244,0.293916546,0.263157198,0.292908088,0.315327635,0.2938388,0.27945736,0.270284353,0.268183498,0.263733524,0.272980295,0.311220663,0.352140544,0.370600646,0.403321038,0.373611813,0.344411281,0.294909938,0.287206246,0.311052344,0.345052626,0.339496469,0.342485072,0.344693019,0.375082378,0.401844167,0.422765692,0.391949593,0.37333418,0.352447482,0.327336287,0.349502669,0.345405104,0.355914039,0.335250834,0.41734631,0.472714158,0.418250554,0.41357634,0.459125125,0.436733763,0.461583842,0.500454038,0.517715909,0.499512518,0.470975165,0.455980777,0.409588365,0.419877311,0.426593599
4.8,0.376973104,0.358026145,0.383407416,0.356923644,0.37311589,0.380073522,0.345282244,0.345481648,0.347640905,0.315891797,0.314951202,0.290569616,0.269088321,0.281260135,0.308907766,0.310736919,0.282263516,0.274416167,0.268619843,0.263884475,0.276110218,0.315992498,0.400930072,0.408862057,0.421276558,0.383621821,0.375853172,0.328940295,0.315534153,0.307233756,0.283590378,0.272636995,0.29183896,0.325396361,0.35054336,0.359028204,0.431124097,0.407161242,0.374540181,0.297167644,0.282442542,0.294988586,0.325830867,0.38709332,0.403220916,0.487725752,0.479829591,0.446931509,0.446683889,0.469975455,0.421910223,0.419520676,0.45003272,0.449677559,0.489321355,0.444544542,0.399502598,0.415755962,0.391718625,0.40964532
4.85,0.330285852,0.339452415,0.391087699,0.358005541,0.357929881,0.367774196,0.350486228,0.341655636,0.332039955,0.307376963,0.300238137,0.28694657,0.261703677,0.290540123,0.319405499,0.267909199,0.268486061,0.270004559,0.286128262,0.260431388,0.26434581,0.286433451,0.325007889,0.341694655,0.340217893,0.333319041,0.304672508,0.273338349,0.271058192,0.261544584,0.237759414,0.243479584,0.265790155,0.294377431,0.321453265,0.313720078,0.321447336,0.330588038,0.315630455,0.272597652,0.250336044,0.255683115,0.255882644,0.260230769,0.276144879,0.317337988,0.331140513,0.352893449,0.333691547,0.345660865,0.320712163,0.330428997,0.35391932,0.355657957,0.408770265,0.371045395,0.327313467,0.340461337,0.360019065,0.369607498
4.9,0.386622413,0.415295421,0.421980252,0.396985223,0.42727169,0.450744284,0.410461452,0.383684478,0.368213771,0.310991969,0.283778831,0.285904004,0.253893427,0.262797421,0.284368325,0.291001089,0.287369907,0.32511949,0.302257275,0.276525012,0.294378106,0.321589282,0.339725972,0.367515802,0.355956915,0.352393626,0.349673928,0.326011936,0.318781228,0.30136421,0.307480401,0.30497853,0.280792488,0.287898746,0.309573281,0.316139373,0.303688565,0.294588813,0.320646588,0.289825095,0.242467294,0.256295638,0.262713991,0.273797414,0.276904502,0.311230317,0.3089299,0.341473757,0.319374814,0.318813156,0.338961086,0.36694202,0.348200599,0.351059362,0.418805744,0.352126132,0.315862582,0.314133181,0.358484676,0.385774988
4.95,0.366282681,0.385425068,0.466703695,0.430866453,0.442881261,0.431936252,0.379824387,0.363068806,0.317484102,0.307272774,0.265061171,0.269066515,0.237204567,0.273091956,0.288993612,0.275260821,0.263505047,0.289715189,0.3110634,0.250594032,0.266810754,0.301234733,0.332996255,0.339886919,0.338098545,0.339271717,0.311079596,0.290818858,0.327833601,0.263938084,0.228359392,0.241990647,0.269751199,0.30799839,0.306196481,0.338597709,0.374997496,0.350160021,0.314483807,0.249666772,0.245860489,0.270539154,0.265143168,0.277108275,0.270956166,0.290136044,0.340289517,0.358125215,0.362732965,0.385561461,0.382145033,0.388006827,0.39993501,0.421098721,0.476704774,0.405189281,0.364024128,0.358726308,0.369420479,0.358160086